date,model,value,yhat_lower,yhat_upper
2022-01-01,Actual,108.43,,
2022-01-02,Actual,109.09,,
2022-01-03,Actual,95.79,,
2022-01-04,Actual,110.42,,
2022-01-05,Actual,110.49,,
2022-01-06,Actual,112.0,,
2022-01-07,Actual,146.07,,
2022-01-08,Actual,102.13,,
2022-01-09,Actual,99.02,,
2022-01-10,Actual,91.69,,
2022-01-11,Actual,120.58,,
2022-01-12,Actual,105.27,,
2022-01-13,Actual,108.48,,
2022-01-14,Actual,108.76,,
2022-01-15,Actual,107.33,,
2022-01-16,Actual,110.27,,
2022-01-17,Actual,112.77,,
2022-01-18,Actual,117.55,,
2022-01-19,Actual,121.65,,
2022-01-20,Actual,113.64,,
2022-01-21,Actual,107.12,,
2022-01-22,Actual,107.47,,
2022-01-23,Actual,106.53,,
2022-01-24,Actual,113.71,,
2022-01-25,Actual,112.66,,
2022-01-26,Actual,118.74,,
2022-01-27,Actual,117.45,,
2022-01-28,Actual,122.63,,
2022-01-29,Actual,109.94,,
2022-01-30,Actual,106.63,,
2022-01-31,Actual,109.59,,
2022-02-01,Actual,128.0,,
2022-02-02,Actual,123.09,,
2022-02-03,Actual,123.55,,
2022-02-04,Actual,112.34,,
2022-02-05,Actual,96.37,,
2022-02-06,Actual,114.48,,
2022-02-07,Actual,118.13,,
2022-02-08,Actual,130.82,,
2022-02-09,Actual,118.75,,
2022-02-10,Actual,129.96,,
2022-02-11,Actual,108.51,,
2022-02-12,Actual,127.73,,
2022-02-13,Actual,128.23,,
2022-02-14,Actual,110.67,,
2022-02-15,Actual,113.5,,
2022-02-16,Actual,134.71,,
2022-02-17,Actual,152.15,,
2022-02-18,Actual,122.44,,
2022-02-19,Actual,116.68,,
2022-02-20,Actual,101.42,,
2022-02-21,Actual,125.2,,
2022-02-22,Actual,129.05,,
2022-02-23,Actual,134.11,,
2022-02-24,Actual,137.89,,
2022-02-25,Actual,112.85,,
2022-02-26,Actual,120.61,,
2022-02-27,Actual,110.97,,
2022-02-28,Actual,114.82,,
2022-03-01,Actual,127.64,,
2022-03-02,Actual,126.58,,
2022-03-03,Actual,131.01,,
2022-03-04,Actual,103.8,,
2022-03-05,Actual,122.91,,
2022-03-06,Actual,111.13,,
2022-03-07,Actual,124.98,,
2022-03-08,Actual,120.48,,
2022-03-09,Actual,137.99,,
2022-03-10,Actual,137.15,,
2022-03-11,Actual,117.27,,
2022-03-12,Actual,130.81,,
2022-03-13,Actual,118.12,,
2022-03-14,Actual,126.64,,
2022-03-15,Actual,124.16,,
2022-03-16,Actual,138.93,,
2022-03-17,Actual,123.54,,
2022-03-18,Actual,111.91,,
2022-03-19,Actual,132.28,,
2022-03-20,Actual,109.09,,
2022-03-21,Actual,123.02,,
2022-03-22,Actual,139.99,,
2022-03-23,Actual,138.13,,
2022-03-24,Actual,113.03,,
2022-03-25,Actual,124.8,,
2022-03-26,Actual,106.58,,
2022-03-27,Actual,117.43,,
2022-03-28,Actual,122.71,,
2022-03-29,Actual,108.11,,
2022-03-30,Actual,135.85,,
2022-03-31,Actual,136.39,,
2022-04-01,Actual,118.54,,
2022-04-02,Actual,178.91,,
2022-04-03,Actual,142.41,,
2022-04-04,Actual,135.63,,
2022-04-05,Actual,135.48,,
2022-04-06,Actual,160.61,,
2022-04-07,Actual,125.16,,
2022-04-08,Actual,125.2,,
2022-04-09,Actual,105.88,,
2022-04-10,Actual,126.01,,
2022-04-11,Actual,124.84,,
2022-04-12,Actual,135.79,,
2022-04-13,Actual,140.92,,
2022-04-14,Actual,133.63,,
2022-04-15,Actual,111.05,,
2022-04-16,Actual,116.77,,
2022-04-17,Actual,122.59,,
2022-04-18,Actual,113.06,,
2022-04-19,Actual,142.51,,
2022-04-20,Actual,154.54,,
2022-04-21,Actual,133.81,,
2022-04-22,Actual,115.89,,
2022-04-23,Actual,99.4,,
2022-04-24,Actual,108.72,,
2022-04-25,Actual,128.8,,
2022-04-26,Actual,146.45,,
2022-04-27,Actual,135.37,,
2022-04-28,Actual,117.42,,
2022-04-29,Actual,112.49,,
2022-04-30,Actual,164.34,,
2022-05-01,Actual,104.63,,
2022-05-02,Actual,122.54,,
2022-05-03,Actual,142.67,,
2022-05-04,Actual,121.74,,
2022-05-05,Actual,125.26,,
2022-05-06,Actual,135.98,,
2022-05-07,Actual,111.83,,
2022-05-08,Actual,120.09,,
2022-05-09,Actual,133.89,,
2022-05-10,Actual,138.08,,
2022-05-11,Actual,125.53,,
2022-05-12,Actual,130.42,,
2022-05-13,Actual,116.03,,
2022-05-14,Actual,118.3,,
2022-05-15,Actual,172.63,,
2022-05-16,Actual,126.68,,
2022-05-17,Actual,134.73,,
2022-05-18,Actual,143.08,,
2022-05-19,Actual,129.69,,
2022-05-20,Actual,133.29,,
2022-05-21,Actual,122.11,,
2022-05-22,Actual,132.91,,
2022-05-23,Actual,129.31,,
2022-05-24,Actual,125.99,,
2022-05-25,Actual,145.39,,
2022-05-26,Actual,138.2,,
2022-05-27,Actual,91.11,,
2022-05-28,Actual,111.35,,
2022-05-29,Actual,131.41,,
2022-05-30,Actual,131.12,,
2022-05-31,Actual,117.69,,
2022-06-01,Actual,140.69,,
2022-06-02,Actual,141.83,,
2022-06-03,Actual,121.14,,
2022-06-04,Actual,101.71,,
2022-06-05,Actual,110.06,,
2022-06-06,Actual,123.9,,
2022-06-07,Actual,127.54,,
2022-06-08,Actual,143.09,,
2022-06-09,Actual,131.48,,
2022-06-10,Actual,131.95,,
2022-06-11,Actual,122.76,,
2022-06-12,Actual,120.66,,
2022-06-13,Actual,116.02,,
2022-06-14,Actual,140.66,,
2022-06-15,Actual,130.17,,
2022-06-16,Actual,114.18,,
2022-06-17,Actual,113.22,,
2022-06-18,Actual,111.24,,
2022-06-19,Actual,105.22,,
2022-06-20,Actual,124.78,,
2022-06-21,Actual,125.22,,
2022-06-22,Actual,132.14,,
2022-06-23,Actual,114.83,,
2022-06-24,Actual,109.74,,
2022-06-25,Actual,117.47,,
2022-06-26,Actual,110.37,,
2022-06-27,Actual,112.46,,
2022-06-28,Actual,144.56,,
2022-06-29,Actual,129.84,,
2022-06-30,Actual,126.87,,
2022-07-01,Actual,116.34,,
2022-07-02,Actual,109.78,,
2022-07-03,Actual,115.74,,
2022-07-04,Actual,105.39,,
2022-07-05,Actual,136.33,,
2022-07-06,Actual,136.61,,
2022-07-07,Actual,120.38,,
2022-07-08,Actual,108.09,,
2022-07-09,Actual,96.15,,
2022-07-10,Actual,118.67,,
2022-07-11,Actual,110.26,,
2022-07-12,Actual,127.2,,
2022-07-13,Actual,110.84,,
2022-07-14,Actual,122.78,,
2022-07-15,Actual,104.88,,
2022-07-16,Actual,105.86,,
2022-07-17,Actual,95.09,,
2022-07-18,Actual,117.12,,
2022-07-19,Actual,114.66,,
2022-07-20,Actual,121.86,,
2022-07-21,Actual,122.81,,
2022-07-22,Actual,104.18,,
2022-07-23,Actual,164.16,,
2022-07-24,Actual,98.27,,
2022-07-25,Actual,111.7,,
2022-07-26,Actual,122.44,,
2022-07-27,Actual,111.66,,
2022-07-28,Actual,114.93,,
2022-07-29,Actual,101.78,,
2022-07-30,Actual,104.88,,
2022-07-31,Actual,109.05,,
2022-08-01,Actual,120.75,,
2022-08-02,Actual,119.95,,
2022-08-03,Actual,124.42,,
2022-08-04,Actual,126.31,,
2022-08-05,Actual,87.97,,
2022-08-06,Actual,99.21,,
2022-08-07,Actual,104.05,,
2022-08-08,Actual,92.92,,
2022-08-09,Actual,116.83,,
2022-08-10,Actual,128.25,,
2022-08-11,Actual,117.99,,
2022-08-12,Actual,87.77,,
2022-08-13,Actual,89.17,,
2022-08-14,Actual,107.32,,
2022-08-15,Actual,90.83,,
2022-08-16,Actual,133.56,,
2022-08-17,Actual,118.31,,
2022-08-18,Actual,109.76,,
2022-08-19,Actual,110.92,,
2022-08-20,Actual,98.75,,
2022-08-21,Actual,103.83,,
2022-08-22,Actual,103.53,,
2022-08-23,Actual,109.68,,
2022-08-24,Actual,119.75,,
2022-08-25,Actual,114.53,,
2022-08-26,Actual,137.18,,
2022-08-27,Actual,90.77,,
2022-08-28,Actual,95.0,,
2022-08-29,Actual,103.96,,
2022-08-30,Actual,116.63,,
2022-08-31,Actual,190.08,,
2022-09-01,Actual,111.67,,
2022-09-02,Actual,97.14,,
2022-09-03,Actual,91.72,,
2022-09-04,Actual,109.28,,
2022-09-05,Actual,103.63,,
2022-09-06,Actual,116.15,,
2022-09-07,Actual,115.34,,
2022-09-08,Actual,113.77,,
2022-09-09,Actual,102.67,,
2022-09-10,Actual,101.2,,
2022-09-11,Actual,100.16,,
2022-09-12,Actual,104.33,,
2022-09-13,Actual,116.3,,
2022-09-14,Actual,97.85,,
2022-09-15,Actual,108.36,,
2022-09-16,Actual,107.08,,
2022-09-17,Actual,93.44,,
2022-09-18,Actual,81.28,,
2022-09-19,Actual,91.02,,
2022-09-20,Actual,179.68,,
2022-09-21,Actual,108.75,,
2022-09-22,Actual,109.98,,
2022-09-23,Actual,98.23,,
2022-09-24,Actual,93.72,,
2022-09-25,Actual,92.07,,
2022-09-26,Actual,105.5,,
2022-09-27,Actual,113.8,,
2022-09-28,Actual,114.45,,
2022-09-29,Actual,116.99,,
2022-09-30,Actual,100.61,,
2022-10-01,Actual,93.02,,
2022-10-02,Actual,97.56,,
2022-10-03,Actual,103.7,,
2022-10-04,Actual,114.84,,
2022-10-05,Actual,128.18,,
2022-10-06,Actual,124.95,,
2022-10-07,Actual,95.24,,
2022-10-08,Actual,89.91,,
2022-10-09,Actual,96.63,,
2022-10-10,Actual,108.81,,
2022-10-11,Actual,122.04,,
2022-10-12,Actual,113.32,,
2022-10-13,Actual,102.42,,
2022-10-14,Actual,168.62,,
2022-10-15,Actual,105.65,,
2022-10-16,Actual,111.82,,
2022-10-17,Actual,100.32,,
2022-10-18,Actual,118.57,,
2022-10-19,Actual,103.41,,
2022-10-20,Actual,110.83,,
2022-10-21,Actual,108.02,,
2022-10-22,Actual,114.6,,
2022-10-23,Actual,106.48,,
2022-10-24,Actual,105.16,,
2022-10-25,Actual,104.27,,
2022-10-26,Actual,121.5,,
2022-10-27,Actual,118.86,,
2022-10-28,Actual,112.1,,
2022-10-29,Actual,104.89,,
2022-10-30,Actual,96.65,,
2022-10-31,Actual,113.84,,
2022-11-01,Actual,133.69,,
2022-11-02,Actual,118.68,,
2022-11-03,Actual,107.57,,
2022-11-04,Actual,101.66,,
2022-11-05,Actual,104.27,,
2022-11-06,Actual,102.25,,
2022-11-07,Actual,116.97,,
2022-11-08,Actual,124.14,,
2022-11-09,Actual,119.84,,
2022-11-10,Actual,116.45,,
2022-11-11,Actual,92.65,,
2022-11-12,Actual,109.18,,
2022-11-13,Actual,96.35,,
2022-11-14,Actual,110.07,,
2022-11-15,Actual,118.09,,
2022-11-16,Actual,129.06,,
2022-11-17,Actual,114.68,,
2022-11-18,Actual,108.14,,
2022-11-19,Actual,121.84,,
2022-11-20,Actual,96.89,,
2022-11-21,Actual,115.73,,
2022-11-22,Actual,132.2,,
2022-11-23,Actual,121.41,,
2022-11-24,Actual,121.08,,
2022-11-25,Actual,98.56,,
2022-11-26,Actual,96.17,,
2022-11-27,Actual,119.81,,
2022-11-28,Actual,114.08,,
2022-11-29,Actual,114.94,,
2022-11-30,Actual,125.16,,
2022-12-01,Actual,128.71,,
2022-12-02,Actual,118.17,,
2022-12-03,Actual,122.5,,
2022-12-04,Actual,111.21,,
2022-12-05,Actual,113.84,,
2022-12-06,Actual,132.2,,
2022-12-07,Actual,140.91,,
2022-12-08,Actual,122.41,,
2022-12-09,Actual,124.36,,
2022-12-10,Actual,112.61,,
2022-12-11,Actual,136.63,,
2022-12-12,Actual,106.58,,
2022-12-13,Actual,145.62,,
2022-12-14,Actual,121.02,,
2022-12-15,Actual,139.4,,
2022-12-16,Actual,119.13,,
2022-12-17,Actual,114.16,,
2022-12-18,Actual,112.76,,
2022-12-19,Actual,116.35,,
2022-12-20,Actual,140.61,,
2022-12-21,Actual,141.32,,
2022-12-22,Actual,129.37,,
2022-12-23,Actual,120.8,,
2022-12-24,Actual,113.1,,
2022-12-25,Actual,122.45,,
2022-12-26,Actual,135.39,,
2022-12-27,Actual,129.02,,
2022-12-28,Actual,144.58,,
2022-12-29,Actual,129.64,,
2022-12-30,Actual,110.02,,
2022-12-31,Actual,133.22,,
2023-01-01,Actual,114.08,,
2023-01-02,Actual,126.04,,
2023-01-03,Actual,149.62,,
2023-01-04,Actual,135.62,,
2023-01-05,Actual,145.08,,
2023-01-06,Actual,122.54,,
2023-01-07,Actual,125.63,,
2023-01-08,Actual,146.14,,
2023-01-09,Actual,143.17,,
2023-01-10,Actual,143.49,,
2023-01-11,Actual,139.53,,
2023-01-12,Actual,139.55,,
2023-01-13,Actual,144.12,,
2023-01-14,Actual,148.72,,
2023-01-15,Actual,126.29,,
2023-01-16,Actual,148.63,,
2023-01-17,Actual,131.19,,
2023-01-18,Actual,153.37,,
2023-01-19,Actual,145.33,,
2023-01-20,Actual,141.29,,
2023-01-21,Actual,124.31,,
2023-01-22,Actual,135.8,,
2023-01-23,Actual,121.48,,
2023-01-24,Actual,142.32,,
2023-01-25,Actual,150.51,,
2023-01-26,Actual,146.29,,
2023-01-27,Actual,159.61,,
2023-01-28,Actual,129.76,,
2023-01-29,Actual,137.2,,
2023-01-30,Actual,130.38,,
2023-01-31,Actual,133.5,,
2023-02-01,Actual,161.23,,
2023-02-02,Actual,155.14,,
2023-02-03,Actual,124.54,,
2023-02-04,Actual,121.56,,
2023-02-05,Actual,133.7,,
2023-02-06,Actual,158.14,,
2023-02-07,Actual,139.45,,
2023-02-08,Actual,161.62,,
2023-02-09,Actual,150.5,,
2023-02-10,Actual,136.5,,
2023-02-11,Actual,133.6,,
2023-02-12,Actual,143.88,,
2023-02-13,Actual,142.56,,
2023-02-14,Actual,151.45,,
2023-02-15,Actual,155.8,,
2023-02-16,Actual,161.47,,
2023-02-17,Actual,143.26,,
2023-02-18,Actual,141.76,,
2023-02-19,Actual,156.19,,
2023-02-20,Actual,145.0,,
2023-02-21,Actual,169.96,,
2023-02-22,Actual,153.57,,
2023-02-23,Actual,158.21,,
2023-02-24,Actual,140.38,,
2023-02-25,Actual,142.43,,
2023-02-26,Actual,139.83,,
2023-02-27,Actual,146.6,,
2023-02-28,Actual,152.58,,
2023-03-01,Actual,165.07,,
2023-03-02,Actual,179.9,,
2023-03-03,Actual,175.94,,
2023-03-04,Actual,165.87,,
2023-03-05,Actual,133.29,,
2023-03-06,Actual,129.54,,
2023-03-07,Actual,151.59,,
2023-03-08,Actual,169.7,,
2023-03-09,Actual,150.32,,
2023-03-10,Actual,151.7,,
2023-03-11,Actual,154.75,,
2023-03-12,Actual,146.45,,
2023-03-13,Actual,160.24,,
2023-03-14,Actual,141.42,,
2023-03-15,Actual,171.84,,
2023-03-16,Actual,165.2,,
2023-03-17,Actual,146.87,,
2023-03-18,Actual,156.46,,
2023-03-19,Actual,162.87,,
2023-03-20,Actual,170.82,,
2023-03-21,Actual,180.43,,
2023-03-22,Actual,165.91,,
2023-03-23,Actual,157.78,,
2023-03-24,Actual,148.06,,
2023-03-25,Actual,124.32,,
2023-03-26,Actual,157.11,,
2023-03-27,Actual,175.47,,
2023-03-28,Actual,168.9,,
2023-03-29,Actual,153.44,,
2023-03-30,Actual,150.88,,
2023-03-31,Actual,141.06,,
2023-04-01,Actual,164.02,,
2023-04-02,Actual,156.02,,
2023-04-03,Actual,160.7,,
2023-04-04,Actual,167.59,,
2023-04-05,Actual,156.78,,
2023-04-06,Actual,151.86,,
2023-04-07,Actual,156.12,,
2023-04-08,Actual,150.33,,
2023-04-09,Actual,135.19,,
2023-04-10,Actual,162.4,,
2023-04-11,Actual,177.49,,
2023-04-12,Actual,167.14,,
2023-04-13,Actual,157.77,,
2023-04-14,Actual,162.51,,
2023-04-15,Actual,147.98,,
2023-04-16,Actual,146.54,,
2023-04-17,Actual,141.6,,
2023-04-18,Actual,160.4,,
2023-04-19,Actual,183.93,,
2023-04-20,Actual,238.61,,
2023-04-21,Actual,151.26,,
2023-04-22,Actual,149.62,,
2023-04-23,Actual,160.87,,
2023-04-24,Actual,156.23,,
2023-04-25,Actual,153.28,,
2023-04-26,Actual,168.22,,
2023-04-27,Actual,161.96,,
2023-04-28,Actual,150.03,,
2023-04-29,Actual,151.68,,
2023-04-30,Actual,145.38,,
2023-05-01,Actual,156.33,,
2023-05-02,Actual,149.81,,
2023-05-03,Actual,158.19,,
2023-05-04,Actual,157.71,,
2023-05-05,Actual,154.83,,
2023-05-06,Actual,146.15,,
2023-05-07,Actual,191.4,,
2023-05-08,Actual,163.53,,
2023-05-09,Actual,185.39,,
2023-05-10,Actual,163.18,,
2023-05-11,Actual,213.73,,
2023-05-12,Actual,149.03,,
2023-05-13,Actual,149.85,,
2023-05-14,Actual,155.17,,
2023-05-15,Actual,160.82,,
2023-05-16,Actual,160.22,,
2023-05-17,Actual,171.48,,
2023-05-18,Actual,159.05,,
2023-05-19,Actual,158.8,,
2023-05-20,Actual,144.6,,
2023-05-21,Actual,150.54,,
2023-05-22,Actual,154.94,,
2023-05-23,Actual,171.92,,
2023-05-24,Actual,163.85,,
2023-05-25,Actual,147.9,,
2023-05-26,Actual,131.39,,
2023-05-27,Actual,155.29,,
2023-05-28,Actual,153.89,,
2023-05-29,Actual,166.29,,
2023-05-30,Actual,161.37,,
2023-05-31,Actual,163.45,,
2023-06-01,Actual,157.61,,
2023-06-02,Actual,140.57,,
2023-06-03,Actual,138.37,,
2023-06-04,Actual,150.78,,
2023-06-05,Actual,160.65,,
2023-06-06,Actual,164.64,,
2023-06-07,Actual,195.29,,
2023-06-08,Actual,158.45,,
2023-06-09,Actual,145.59,,
2023-06-10,Actual,138.24,,
2023-06-11,Actual,134.41,,
2023-06-12,Actual,141.11,,
2023-06-13,Actual,168.52,,
2023-06-14,Actual,162.14,,
2023-06-15,Actual,147.67,,
2023-06-16,Actual,183.08,,
2023-06-17,Actual,147.31,,
2023-06-18,Actual,139.05,,
2023-06-19,Actual,140.18,,
2023-06-20,Actual,140.24,,
2023-06-21,Actual,168.12,,
2023-06-22,Actual,156.9,,
2023-06-23,Actual,146.99,,
2023-06-24,Actual,145.31,,
2023-06-25,Actual,124.09,,
2023-06-26,Actual,146.48,,
2023-06-27,Actual,158.7,,
2023-06-28,Actual,157.38,,
2023-06-29,Actual,128.86,,
2023-06-30,Actual,138.25,,
2023-07-01,Actual,136.34,,
2023-07-02,Actual,150.08,,
2023-07-03,Actual,142.96,,
2023-07-04,Actual,148.37,,
2023-07-05,Actual,150.45,,
2023-07-06,Actual,154.92,,
2023-07-07,Actual,143.83,,
2023-07-08,Actual,135.13,,
2023-07-09,Actual,135.56,,
2023-07-10,Actual,121.59,,
2023-07-11,Actual,133.09,,
2023-07-12,Actual,146.04,,
2023-07-13,Actual,145.54,,
2023-07-14,Actual,129.09,,
2023-07-15,Actual,121.86,,
2023-07-16,Actual,137.26,,
2023-07-17,Actual,140.55,,
2023-07-18,Actual,161.7,,
2023-07-19,Actual,148.79,,
2023-07-20,Actual,143.2,,
2023-07-21,Actual,128.23,,
2023-07-22,Actual,157.42,,
2023-07-23,Actual,141.89,,
2023-07-24,Actual,131.81,,
2023-07-25,Actual,130.71,,
2023-07-26,Actual,138.96,,
2023-07-27,Actual,135.59,,
2023-07-28,Actual,120.99,,
2023-07-29,Actual,131.49,,
2023-07-30,Actual,125.53,,
2023-07-31,Actual,123.43,,
2023-08-01,Actual,152.81,,
2023-08-02,Actual,135.33,,
2023-08-03,Actual,119.54,,
2023-08-04,Actual,140.36,,
2023-08-05,Actual,147.37,,
2023-08-06,Actual,133.76,,
2023-08-07,Actual,142.79,,
2023-08-08,Actual,151.87,,
2023-08-09,Actual,169.17,,
2023-08-10,Actual,132.41,,
2023-08-11,Actual,126.66,,
2023-08-12,Actual,126.15,,
2023-08-13,Actual,132.76,,
2023-08-14,Actual,133.64,,
2023-08-15,Actual,144.0,,
2023-08-16,Actual,148.2,,
2023-08-17,Actual,158.09,,
2023-08-18,Actual,132.21,,
2023-08-19,Actual,136.58,,
2023-08-20,Actual,137.32,,
2023-08-21,Actual,137.78,,
2023-08-22,Actual,141.44,,
2023-08-23,Actual,153.28,,
2023-08-24,Actual,123.68,,
2023-08-25,Actual,142.78,,
2023-08-26,Actual,134.33,,
2023-08-27,Actual,131.45,,
2023-08-28,Actual,133.72,,
2023-08-29,Actual,145.11,,
2023-08-30,Actual,152.69,,
2023-08-31,Actual,142.96,,
2023-09-01,Actual,140.59,,
2023-09-02,Actual,143.18,,
2023-09-03,Actual,139.84,,
2023-09-04,Actual,119.89,,
2023-09-05,Actual,137.95,,
2023-09-06,Actual,153.71,,
2023-09-07,Actual,157.55,,
2023-09-08,Actual,122.64,,
2023-09-09,Actual,132.79,,
2023-09-10,Actual,140.73,,
2023-09-11,Actual,133.99,,
2023-09-12,Actual,131.43,,
2023-09-13,Actual,221.08,,
2023-09-14,Actual,130.38,,
2023-09-15,Actual,121.11,,
2023-09-16,Actual,129.7,,
2023-09-17,Actual,130.1,,
2023-09-18,Actual,124.74,,
2023-09-19,Actual,157.48,,
2023-09-20,Actual,149.42,,
2023-09-21,Actual,146.41,,
2023-09-22,Actual,127.49,,
2023-09-23,Actual,127.36,,
2023-09-24,Actual,141.69,,
2023-09-25,Actual,128.53,,
2023-09-26,Actual,139.44,,
2023-09-27,Actual,149.22,,
2023-09-28,Actual,146.73,,
2023-09-29,Actual,136.41,,
2023-09-30,Actual,176.83,,
2023-10-01,Actual,120.47,,
2023-10-02,Actual,126.05,,
2023-10-03,Actual,151.11,,
2023-10-04,Actual,153.51,,
2023-10-05,Actual,142.06,,
2023-10-06,Actual,131.54,,
2023-10-07,Actual,113.62,,
2023-10-08,Actual,133.79,,
2023-10-09,Actual,120.26,,
2023-10-10,Actual,151.36,,
2023-10-11,Actual,143.54,,
2023-10-12,Actual,142.2,,
2023-10-13,Actual,127.83,,
2023-10-14,Actual,128.69,,
2023-10-15,Actual,121.85,,
2023-10-16,Actual,133.9,,
2023-10-17,Actual,144.39,,
2023-10-18,Actual,149.31,,
2023-10-19,Actual,146.03,,
2023-10-20,Actual,135.22,,
2023-10-21,Actual,133.01,,
2023-10-22,Actual,127.22,,
2023-10-23,Actual,124.97,,
2023-10-24,Actual,168.79,,
2023-10-25,Actual,141.41,,
2023-10-26,Actual,150.1,,
2023-10-27,Actual,141.96,,
2023-10-28,Actual,124.83,,
2023-10-29,Actual,124.1,,
2023-10-30,Actual,123.55,,
2023-10-31,Actual,142.15,,
2023-11-01,Actual,154.06,,
2023-11-02,Actual,134.28,,
2023-11-03,Actual,144.57,,
2023-11-04,Actual,136.96,,
2023-11-05,Actual,145.82,,
2023-11-06,Actual,132.7,,
2023-11-07,Actual,155.92,,
2023-11-08,Actual,142.11,,
2023-11-09,Actual,152.1,,
2023-11-10,Actual,148.71,,
2023-11-11,Actual,148.36,,
2023-11-12,Actual,133.35,,
2023-11-13,Actual,133.86,,
2023-11-14,Actual,149.98,,
2023-11-15,Actual,168.22,,
2023-11-16,Actual,135.63,,
2023-11-17,Actual,124.16,,
2023-11-18,Actual,119.19,,
2023-11-19,Actual,141.07,,
2023-11-20,Actual,128.63,,
2023-11-21,Actual,164.34,,
2023-11-22,Actual,171.02,,
2023-11-23,Actual,148.86,,
2023-11-24,Actual,161.54,,
2023-11-25,Actual,141.94,,
2023-11-26,Actual,137.95,,
2023-11-27,Actual,141.52,,
2023-11-28,Actual,205.16,,
2023-11-29,Actual,165.73,,
2023-11-30,Actual,134.17,,
2023-12-01,Actual,125.46,,
2023-12-02,Actual,129.01,,
2023-12-03,Actual,139.58,,
2023-12-04,Actual,136.96,,
2023-12-05,Actual,151.51,,
2023-12-06,Actual,153.66,,
2023-12-07,Actual,144.85,,
2023-12-08,Actual,163.96,,
2023-12-09,Actual,192.31,,
2023-12-10,Actual,163.47,,
2023-12-11,Actual,166.31,,
2023-12-12,Actual,160.32,,
2023-12-13,Actual,164.64,,
2023-12-14,Actual,149.18,,
2023-12-15,Actual,148.83,,
2023-12-16,Actual,138.38,,
2023-12-17,Actual,135.66,,
2023-12-18,Actual,146.94,,
2023-12-19,Actual,171.46,,
2023-12-20,Actual,167.18,,
2023-12-21,Actual,165.63,,
2023-12-22,Actual,150.33,,
2023-12-23,Actual,141.8,,
2023-12-24,Actual,157.45,,
2023-12-25,Actual,157.4,,
2023-12-26,Actual,178.16,,
2023-12-27,Actual,181.22,,
2023-12-28,Actual,160.25,,
2023-12-29,Actual,198.39,,
2023-12-30,Actual,144.74,,
2023-12-31,Actual,147.77,,
2024-01-01,Actual,154.16,,
2024-01-02,Actual,173.55,,
2024-01-03,Actual,167.15,,
2024-01-04,Actual,179.64,,
2024-01-05,Actual,159.97,,
2024-01-06,Actual,153.19,,
2024-01-07,Actual,167.45,,
2024-01-08,Actual,155.47,,
2024-01-09,Actual,166.05,,
2024-01-10,Actual,186.68,,
2024-01-11,Actual,156.69,,
2024-01-12,Actual,157.07,,
2024-01-13,Actual,154.89,,
2024-01-14,Actual,154.4,,
2024-01-15,Actual,173.64,,
2024-01-16,Actual,182.29,,
2024-01-17,Actual,183.32,,
2024-01-18,Actual,171.32,,
2024-01-19,Actual,166.85,,
2024-01-20,Actual,142.93,,
2024-01-21,Actual,160.0,,
2024-01-22,Actual,167.73,,
2024-01-23,Actual,171.84,,
2024-01-24,Actual,181.5,,
2024-01-25,Actual,195.14,,
2024-01-26,Actual,164.66,,
2024-01-27,Actual,167.21,,
2024-01-28,Actual,168.01,,
2024-01-29,Actual,159.14,,
2024-01-30,Actual,166.26,,
2024-01-31,Actual,167.74,,
2024-02-01,Actual,178.7,,
2024-02-02,Actual,147.75,,
2024-02-03,Actual,213.25,,
2024-02-04,Actual,166.79,,
2024-02-05,Actual,176.39,,
2024-02-06,Actual,170.1,,
2024-02-07,Actual,198.66,,
2024-02-08,Actual,177.98,,
2024-02-09,Actual,151.38,,
2024-02-10,Actual,179.35,,
2024-02-11,Actual,159.42,,
2024-02-12,Actual,163.58,,
2024-02-13,Actual,173.49,,
2024-02-14,Actual,184.09,,
2024-02-15,Actual,185.98,,
2024-02-16,Actual,175.6,,
2024-02-17,Actual,193.07,,
2024-02-18,Actual,232.07,,
2024-02-19,Actual,172.54,,
2024-02-20,Actual,174.04,,
2024-02-21,Actual,179.04,,
2024-02-22,Actual,192.77,,
2024-02-23,Actual,168.01,,
2024-02-24,Actual,176.38,,
2024-02-25,Actual,175.18,,
2024-02-26,Actual,169.08,,
2024-02-27,Actual,180.74,,
2024-02-28,Actual,173.85,,
2024-02-29,Actual,182.65,,
2024-03-01,Actual,175.01,,
2024-03-02,Actual,171.3,,
2024-03-03,Actual,185.52,,
2024-03-04,Actual,168.27,,
2024-03-05,Actual,190.21,,
2024-03-06,Actual,183.29,,
2024-03-07,Actual,189.46,,
2024-03-08,Actual,167.76,,
2024-03-09,Actual,182.85,,
2024-03-10,Actual,183.78,,
2024-03-11,Actual,184.61,,
2024-03-12,Actual,193.51,,
2024-03-13,Actual,196.25,,
2024-03-14,Actual,190.36,,
2024-03-15,Actual,181.91,,
2024-03-16,Actual,173.6,,
2024-03-17,Actual,169.18,,
2024-03-18,Actual,208.48,,
2024-03-19,Actual,196.95,,
2024-03-20,Actual,199.4,,
2024-03-21,Actual,204.01,,
2024-03-22,Actual,173.66,,
2024-03-23,Actual,165.1,,
2024-03-24,Actual,175.33,,
2024-03-25,Actual,179.93,,
2024-03-26,Actual,185.98,,
2024-03-27,Actual,186.3,,
2024-03-28,Actual,188.03,,
2024-03-29,Actual,178.32,,
2024-03-30,Actual,169.19,,
2024-03-31,Actual,170.64,,
2024-04-01,Actual,187.73,,
2024-04-02,Actual,198.1,,
2024-04-03,Actual,248.17,,
2024-04-04,Actual,188.27,,
2024-04-05,Actual,183.93,,
2024-04-06,Actual,180.2,,
2024-04-07,Actual,195.45,,
2024-04-08,Actual,172.73,,
2024-04-09,Actual,180.22,,
2024-04-10,Actual,203.09,,
2024-04-11,Actual,193.27,,
2024-04-12,Actual,174.79,,
2024-04-13,Actual,189.03,,
2024-04-14,Actual,175.77,,
2024-04-15,Actual,189.57,,
2024-04-16,Actual,192.73,,
2024-04-17,Actual,189.69,,
2024-04-18,Actual,186.34,,
2024-04-19,Actual,190.28,,
2024-04-20,Actual,175.74,,
2024-04-21,Actual,195.09,,
2024-04-22,Actual,186.26,,
2024-04-23,Actual,191.93,,
2024-04-24,Actual,231.02,,
2024-04-25,Actual,196.04,,
2024-04-26,Actual,181.35,,
2024-04-27,Actual,178.24,,
2024-04-28,Actual,182.1,,
2024-04-29,Actual,183.43,,
2024-04-30,Actual,183.07,,
2024-05-01,Actual,201.97,,
2024-05-02,Actual,206.22,,
2024-05-03,Actual,194.3,,
2024-05-04,Actual,179.39,,
2024-05-05,Actual,178.38,,
2024-05-06,Actual,184.71,,
2024-05-07,Actual,187.64,,
2024-05-08,Actual,197.97,,
2024-05-09,Actual,192.21,,
2024-05-10,Actual,167.49,,
2024-05-11,Actual,224.47,,
2024-05-12,Actual,187.77,,
2024-05-13,Actual,191.27,,
2024-05-14,Actual,181.09,,
2024-05-15,Actual,204.46,,
2024-05-16,Actual,185.4,,
2024-05-17,Actual,177.18,,
2024-05-18,Actual,175.32,,
2024-05-19,Actual,159.93,,
2024-05-20,Actual,185.97,,
2024-05-21,Actual,176.93,,
2024-05-22,Actual,201.04,,
2024-05-23,Actual,175.2,,
2024-05-24,Actual,185.88,,
2024-05-25,Actual,177.76,,
2024-05-26,Actual,183.3,,
2024-05-27,Actual,174.58,,
2024-05-28,Actual,173.96,,
2024-05-29,Actual,183.55,,
2024-05-30,Actual,188.59,,
2024-05-31,Actual,179.21,,
2024-06-01,Actual,166.68,,
2024-06-02,Actual,188.48,,
2024-06-03,Actual,179.56,,
2024-06-04,Actual,174.16,,
2024-06-05,Actual,193.46,,
2024-06-06,Actual,177.39,,
2024-06-07,Actual,181.13,,
2024-06-08,Actual,175.06,,
2024-06-09,Actual,176.5,,
2024-06-10,Actual,175.72,,
2024-06-11,Actual,197.6,,
2024-06-12,Actual,181.42,,
2024-06-13,Actual,185.92,,
2024-06-14,Actual,172.64,,
2024-06-15,Actual,162.25,,
2024-06-16,Actual,172.97,,
2024-06-17,Actual,168.3,,
2024-06-18,Actual,204.34,,
2024-06-19,Actual,197.21,,
2024-06-20,Actual,166.65,,
2024-06-21,Actual,166.66,,
2024-06-22,Actual,175.48,,
2024-06-23,Actual,182.65,,
2024-06-24,Actual,183.09,,
2024-06-25,Actual,201.54,,
2024-06-26,Actual,187.69,,
2024-06-27,Actual,191.31,,
2024-06-28,Actual,158.7,,
2024-06-29,Actual,176.24,,
2024-06-30,Actual,168.61,,
2024-07-01,Actual,172.33,,
2024-07-02,Actual,195.23,,
2024-07-03,Actual,193.61,,
2024-07-04,Actual,176.66,,
2024-07-05,Actual,190.5,,
2024-07-06,Actual,178.14,,
2024-07-07,Actual,164.92,,
2024-07-08,Actual,150.25,,
2024-07-09,Actual,183.71,,
2024-07-10,Actual,179.78,,
2024-07-11,Actual,170.95,,
2024-07-12,Actual,161.49,,
2024-07-13,Actual,166.61,,
2024-07-14,Actual,179.16,,
2024-07-15,Actual,161.67,,
2024-07-16,Actual,179.02,,
2024-07-17,Actual,244.22,,
2024-07-18,Actual,167.63,,
2024-07-19,Actual,166.95,,
2024-07-20,Actual,179.66,,
2024-07-21,Actual,171.37,,
2024-07-22,Actual,169.63,,
2024-07-23,Actual,174.22,,
2024-07-24,Actual,180.7,,
2024-07-25,Actual,158.13,,
2024-07-26,Actual,162.43,,
2024-07-27,Actual,160.54,,
2024-07-28,Actual,168.7,,
2024-07-29,Actual,176.12,,
2024-07-30,Actual,183.49,,
2024-07-31,Actual,177.72,,
2024-08-01,Actual,167.57,,
2024-08-02,Actual,155.99,,
2024-08-03,Actual,153.92,,
2024-08-04,Actual,157.56,,
2024-08-05,Actual,165.2,,
2024-08-06,Actual,164.53,,
2024-08-07,Actual,181.65,,
2024-08-08,Actual,170.03,,
2024-08-09,Actual,152.92,,
2024-08-10,Actual,154.02,,
2024-08-11,Actual,169.49,,
2024-08-12,Actual,229.9,,
2024-08-13,Actual,195.9,,
2024-08-14,Actual,181.68,,
2024-08-15,Actual,163.86,,
2024-08-16,Actual,152.9,,
2024-08-17,Actual,162.27,,
2024-08-18,Actual,168.21,,
2024-08-19,Actual,176.88,,
2024-08-20,Actual,165.6,,
2024-08-21,Actual,176.58,,
2024-08-22,Actual,158.61,,
2024-08-23,Actual,161.96,,
2024-08-24,Actual,148.83,,
2024-08-25,Actual,173.26,,
2024-08-26,Actual,156.45,,
2024-08-27,Actual,178.22,,
2024-08-28,Actual,176.33,,
2024-08-29,Actual,168.83,,
2024-08-30,Actual,141.66,,
2024-08-31,Actual,156.51,,
2024-09-01,Actual,150.77,,
2024-09-02,Actual,157.63,,
2024-09-03,Actual,176.62,,
2024-09-04,Actual,198.94,,
2024-09-05,Actual,185.02,,
2024-09-06,Actual,162.13,,
2024-09-07,Actual,160.42,,
2024-09-08,Actual,156.07,,
2024-09-09,Actual,153.57,,
2024-09-10,Actual,175.92,,
2024-09-11,Actual,170.23,,
2024-09-12,Actual,183.53,,
2024-09-13,Actual,176.62,,
2024-09-14,Actual,176.07,,
2024-09-15,Actual,153.4,,
2024-09-16,Actual,157.94,,
2024-09-17,Actual,161.0,,
2024-09-18,Actual,180.07,,
2024-09-19,Actual,160.07,,
2024-09-20,Actual,151.94,,
2024-09-21,Actual,148.92,,
2024-09-22,Actual,154.25,,
2024-09-23,Actual,177.57,,
2024-09-24,Actual,149.92,,
2024-09-25,Actual,179.22,,
2024-09-26,Actual,160.79,,
2024-09-27,Actual,178.8,,
2024-09-28,Actual,164.73,,
2024-09-29,Actual,150.5,,
2024-09-30,Actual,157.63,,
2024-10-01,Actual,167.46,,
2024-10-02,Actual,185.35,,
2024-10-03,Actual,183.85,,
2024-10-04,Actual,159.67,,
2024-10-05,Actual,156.61,,
2024-10-06,Actual,169.72,,
2024-10-07,Actual,164.07,,
2024-10-08,Actual,177.54,,
2024-10-09,Actual,177.76,,
2024-10-10,Actual,162.32,,
2024-10-11,Actual,171.4,,
2024-10-12,Actual,153.46,,
2024-10-13,Actual,178.69,,
2024-10-14,Actual,175.4,,
2024-10-15,Actual,176.06,,
2024-10-16,Actual,165.61,,
2024-10-17,Actual,185.56,,
2024-10-18,Actual,163.07,,
2024-10-19,Actual,167.96,,
2024-10-20,Actual,175.71,,
2024-10-21,Actual,155.91,,
2024-10-22,Actual,178.84,,
2024-10-23,Actual,174.69,,
2024-10-24,Actual,174.67,,
2024-10-25,Actual,165.7,,
2024-10-26,Actual,172.73,,
2024-10-27,Actual,161.79,,
2024-10-28,Actual,168.25,,
2024-10-29,Actual,165.78,,
2024-10-30,Actual,172.99,,
2024-10-31,Actual,174.47,,
2024-11-01,Actual,169.35,,
2024-11-02,Actual,161.61,,
2024-11-03,Actual,159.21,,
2024-11-04,Actual,160.09,,
2024-11-05,Actual,175.56,,
2024-11-06,Actual,174.16,,
2024-11-07,Actual,180.49,,
2024-11-08,Actual,167.26,,
2024-11-09,Actual,158.92,,
2024-11-10,Actual,169.42,,
2024-11-11,Actual,192.01,,
2024-11-12,Actual,187.47,,
2024-11-13,Actual,185.6,,
2024-11-14,Actual,183.57,,
2024-11-15,Actual,178.38,,
2024-11-16,Actual,153.12,,
2024-11-17,Actual,165.6,,
2024-11-18,Actual,167.57,,
2024-11-19,Actual,177.01,,
2024-11-20,Actual,204.49,,
2024-11-21,Actual,183.88,,
2024-11-22,Actual,179.24,,
2024-11-23,Actual,171.72,,
2024-11-24,Actual,196.46,,
2024-11-25,Actual,157.31,,
2024-11-26,Actual,180.76,,
2024-11-27,Actual,183.81,,
2024-11-28,Actual,178.48,,
2024-11-29,Actual,179.78,,
2024-11-30,Actual,172.22,,
2024-12-01,Actual,179.93,,
2024-12-02,Actual,235.34,,
2024-12-03,Actual,189.58,,
2024-12-04,Actual,196.78,,
2024-12-05,Actual,180.13,,
2024-12-06,Actual,168.24,,
2024-12-07,Actual,165.94,,
2024-12-08,Actual,177.36,,
2024-12-09,Actual,171.77,,
2024-12-10,Actual,180.48,,
2024-12-11,Actual,263.31,,
2024-12-12,Actual,178.3,,
2024-12-13,Actual,181.75,,
2024-12-14,Actual,211.59,,
2024-12-15,Actual,174.01,,
2024-12-16,Actual,191.16,,
2024-12-17,Actual,201.68,,
2024-12-18,Actual,197.38,,
2024-12-19,Actual,202.03,,
2024-12-20,Actual,164.18,,
2024-12-21,Actual,188.93,,
2024-12-22,Actual,174.68,,
2024-12-23,Actual,183.6,,
2024-12-24,Actual,198.68,,
2024-12-25,Actual,191.91,,
2024-12-26,Actual,191.67,,
2024-12-27,Actual,178.19,,
2024-12-28,Actual,179.88,,
2024-12-29,Actual,203.58,,
2024-12-30,Actual,171.7,,
2024-12-31,Actual,196.25,,
2025-01-01,Actual,204.19,,
2025-01-02,Actual,184.37,,
2025-01-03,Actual,183.02,,
2025-01-04,Actual,187.15,,
2025-01-05,Actual,190.37,,
2025-01-06,Actual,198.31,,
2025-01-07,Actual,210.55,,
2025-01-08,Actual,200.41,,
2025-01-09,Actual,198.06,,
2025-01-10,Actual,174.48,,
2025-01-11,Actual,186.67,,
2025-01-12,Actual,176.78,,
2025-01-13,Actual,193.71,,
2025-01-14,Actual,210.78,,
2025-01-15,Actual,209.79,,
2025-01-16,Actual,200.78,,
2025-01-17,Actual,197.19,,
2025-01-18,Actual,199.45,,
2025-01-19,Actual,185.04,,
2025-01-20,Actual,206.93,,
2025-01-21,Actual,199.2,,
2025-01-22,Actual,204.69,,
2025-01-23,Actual,209.1,,
2025-01-24,Actual,194.12,,
2025-01-25,Actual,192.19,,
2025-01-26,Actual,196.63,,
2025-01-27,Actual,210.63,,
2025-01-28,Actual,209.16,,
2025-01-29,Actual,217.93,,
2025-01-30,Actual,211.56,,
2025-01-31,Actual,213.81,,
2025-02-01,Actual,207.32,,
2025-02-02,Actual,203.87,,
2025-02-03,Actual,207.73,,
2025-02-04,Actual,212.49,,
2025-02-05,Actual,212.17,,
2025-02-06,Actual,207.35,,
2025-02-07,Actual,197.6,,
2025-02-08,Actual,193.17,,
2025-02-09,Actual,196.13,,
2025-02-10,Actual,202.98,,
2025-02-11,Actual,210.33,,
2025-02-12,Actual,279.4,,
2025-02-13,Actual,208.19,,
2025-02-14,Actual,207.74,,
2025-02-15,Actual,206.52,,
2025-02-16,Actual,270.48,,
2025-02-17,Actual,216.88,,
2025-02-18,Actual,208.87,,
2025-02-19,Actual,218.21,,
2025-02-20,Actual,214.45,,
2025-02-21,Actual,205.58,,
2025-02-22,Actual,206.0,,
2025-02-23,Actual,216.75,,
2025-02-24,Actual,202.68,,
2025-02-25,Actual,219.33,,
2025-02-26,Actual,208.88,,
2025-02-27,Actual,217.34,,
2025-02-28,Actual,189.09,,
2025-03-01,Actual,206.42,,
2025-03-02,Actual,216.89,,
2025-03-03,Actual,214.94,,
2025-03-04,Actual,209.38,,
2025-03-05,Actual,214.52,,
2025-03-06,Actual,220.77,,
2025-03-07,Actual,204.01,,
2025-03-08,Actual,185.13,,
2025-03-09,Actual,220.01,,
2025-03-10,Actual,212.51,,
2025-03-11,Actual,207.55,,
2025-03-12,Actual,225.03,,
2025-03-13,Actual,236.54,,
2025-03-14,Actual,205.06,,
2025-03-15,Actual,204.61,,
2025-03-16,Actual,202.77,,
2025-03-17,Actual,217.92,,
2025-03-18,Actual,223.9,,
2025-03-19,Actual,231.41,,
2025-03-20,Actual,211.23,,
2025-03-21,Actual,214.05,,
2025-03-22,Actual,196.53,,
2025-03-23,Actual,261.39,,
2025-03-24,Actual,205.97,,
2025-03-25,Actual,222.95,,
2025-03-26,Actual,211.01,,
2025-03-27,Actual,219.53,,
2025-03-28,Actual,208.17,,
2025-03-29,Actual,194.2,,
2025-03-30,Actual,225.95,,
2025-03-31,Actual,219.44,,
2025-04-01,Actual,213.5,,
2025-04-02,Actual,216.64,,
2025-04-03,Actual,217.05,,
2025-04-04,Actual,203.83,,
2025-04-05,Actual,207.68,,
2025-04-06,Actual,191.38,,
2025-04-07,Actual,229.56,,
2025-04-08,Actual,217.3,,
2025-04-09,Actual,237.02,,
2025-04-10,Actual,218.15,,
2025-04-11,Actual,231.31,,
2025-04-12,Actual,216.54,,
2025-04-13,Actual,260.7,,
2025-04-14,Actual,225.31,,
2025-04-15,Actual,224.7,,
2025-04-16,Actual,227.62,,
2025-04-17,Actual,218.65,,
2025-04-18,Actual,212.61,,
2025-04-19,Actual,209.54,,
2025-04-20,Actual,214.42,,
2025-04-21,Actual,207.38,,
2025-04-22,Actual,220.13,,
2025-04-23,Actual,231.16,,
2025-04-24,Actual,246.84,,
2025-04-25,Actual,213.55,,
2025-04-26,Actual,214.69,,
2025-04-27,Actual,218.91,,
2025-04-28,Actual,218.69,,
2025-04-29,Actual,221.48,,
2025-04-30,Actual,218.04,,
2025-05-01,Actual,229.68,,
2025-05-02,Actual,202.54,,
2025-05-03,Actual,208.21,,
2025-05-04,Actual,225.0,,
2025-05-05,Actual,206.6,,
2025-05-06,Actual,220.58,,
2025-05-07,Actual,226.32,,
2025-05-08,Actual,202.58,,
2025-05-09,Actual,198.52,,
2025-05-10,Actual,218.8,,
2025-05-11,Actual,213.81,,
2025-05-12,Actual,220.44,,
2025-05-13,Actual,224.57,,
2025-05-14,Actual,206.89,,
2025-05-15,Actual,208.68,,
2025-05-16,Actual,187.26,,
2025-05-17,Actual,212.44,,
2025-05-18,Actual,263.46,,
2025-05-19,Actual,197.98,,
2025-05-20,Actual,281.8,,
2025-05-21,Actual,233.29,,
2025-05-22,Actual,218.52,,
2025-05-23,Actual,193.93,,
2025-05-24,Actual,197.81,,
2025-05-25,Actual,189.59,,
2025-05-26,Actual,209.85,,
2025-05-27,Actual,222.15,,
2025-05-28,Actual,229.73,,
2025-05-29,Actual,213.83,,
2025-05-30,Actual,197.44,,
2025-05-31,Actual,198.19,,
2025-06-01,Actual,205.34,,
2025-06-02,Actual,212.43,,
2025-06-03,Actual,231.43,,
2025-06-04,Actual,239.46,,
2025-06-05,Actual,214.28,,
2025-06-06,Actual,194.04,,
2025-06-07,Actual,214.1,,
2025-06-08,Actual,228.17,,
2025-06-09,Actual,201.55,,
2025-06-10,Actual,213.04,,
2025-06-11,Actual,218.54,,
2025-06-12,Actual,213.12,,
2025-06-13,Actual,196.21,,
2025-06-14,Actual,189.11,,
2025-06-15,Actual,209.2,,
2025-06-16,Actual,205.64,,
2025-06-17,Actual,226.18,,
2025-06-18,Actual,223.01,,
2025-06-19,Actual,220.58,,
2025-06-20,Actual,259.06,,
2025-06-21,Actual,206.36,,
2025-06-22,Actual,195.6,,
2025-06-23,Actual,209.82,,
2025-06-24,Actual,223.56,,
2025-06-25,Actual,228.5,,
2025-06-26,Actual,207.19,,
2025-06-27,Actual,204.59,,
2025-06-28,Actual,210.23,,
2025-06-29,Actual,219.5,,
2025-06-30,Actual,200.5,,
2025-07-01,Actual,218.13,,
2025-07-02,Actual,212.41,,
2025-07-03,Actual,263.32,,
2025-07-04,Actual,201.57,,
2025-07-05,Actual,192.69,,
2025-07-06,Actual,199.68,,
2025-07-07,Actual,188.24,,
2025-07-08,Actual,207.13,,
2025-07-09,Actual,215.98,,
2025-07-10,Actual,205.84,,
2025-07-11,Actual,195.7,,
2025-07-12,Actual,198.24,,
2025-07-13,Actual,207.33,,
2025-07-14,Actual,198.44,,
2025-07-15,Actual,209.59,,
2025-07-16,Actual,212.57,,
2025-07-17,Actual,200.88,,
2025-07-18,Actual,187.48,,
2025-07-19,Actual,201.44,,
2025-07-20,Actual,185.49,,
2025-07-21,Actual,204.47,,
2025-07-22,Actual,206.4,,
2025-07-23,Actual,207.33,,
2025-07-24,Actual,206.61,,
2025-07-25,Actual,197.35,,
2025-07-26,Actual,183.04,,
2025-07-27,Actual,194.17,,
2025-07-28,Actual,193.69,,
2025-07-29,Actual,200.19,,
2025-07-30,Actual,190.16,,
2025-07-31,Actual,209.94,,
2025-08-01,Actual,199.69,,
2025-08-02,Actual,180.51,,
2025-08-03,Actual,192.17,,
2025-08-04,Actual,185.31,,
2025-08-05,Actual,202.33,,
2025-08-06,Actual,201.93,,
2025-08-07,Actual,213.15,,
2025-08-08,Actual,178.08,,
2025-08-09,Actual,173.67,,
2025-08-10,Actual,188.73,,
2025-08-11,Actual,192.5,,
2025-08-12,Actual,222.02,,
2025-08-13,Actual,199.66,,
2025-08-14,Actual,213.13,,
2025-08-15,Actual,193.84,,
2025-08-16,Actual,203.54,,
2025-08-17,Actual,193.34,,
2025-08-18,Actual,179.58,,
2025-08-19,Actual,195.0,,
2025-08-20,Actual,210.45,,
2025-08-21,Actual,190.95,,
2025-08-22,Actual,209.91,,
2025-08-23,Actual,171.32,,
2025-08-24,Actual,184.33,,
2025-08-25,Actual,197.5,,
2025-08-26,Actual,202.73,,
2025-08-27,Actual,200.52,,
2025-08-28,Actual,211.22,,
2025-08-29,Actual,188.36,,
2025-08-30,Actual,196.8,,
2025-08-31,Actual,185.57,,
2025-09-01,Actual,202.02,,
2025-09-02,Actual,204.06,,
2025-09-03,Actual,189.63,,
2025-09-04,Actual,186.75,,
2025-09-05,Actual,197.35,,
2025-09-06,Actual,186.66,,
2025-09-07,Actual,199.22,,
2025-09-08,Actual,198.81,,
2025-09-09,Actual,191.53,,
2025-09-10,Actual,193.18,,
2025-09-11,Actual,196.45,,
2025-09-12,Actual,235.0,,
2025-09-13,Actual,180.16,,
2025-09-14,Actual,193.33,,
2025-09-15,Actual,190.18,,
2025-09-16,Actual,194.68,,
2025-09-17,Actual,206.1,,
2025-09-18,Actual,191.54,,
2025-09-19,Actual,173.87,,
2025-09-20,Actual,200.61,,
2025-09-21,Actual,171.09,,
2025-09-22,Actual,177.29,,
2025-09-23,RandomForest,199.22920000000005,,
2025-09-23,SARIMAX,228.0078412155584,210.9109061950108,245.104776236106
2025-09-24,SARIMAX,219.10012707194304,201.92152329656903,236.27873084731704
2025-09-24,RandomForest,196.12467499999968,,
2025-09-25,RandomForest,202.16369999999984,,
2025-09-25,SARIMAX,207.3849981441154,190.12463819390845,224.64535809432235
2025-09-26,RandomForest,198.963475,,
2025-09-26,SARIMAX,208.8752267189204,191.53350325197175,226.21695018586897
2025-09-27,RandomForest,205.27879999999976,,
2025-09-27,SARIMAX,214.31164096470775,196.88893445012584,231.7343474792897
2025-09-28,RandomForest,193.55454999999992,,
2025-09-28,SARIMAX,213.3715941783029,195.86827756931015,230.8749107872956
2025-09-29,RandomForest,197.08602499999972,,
2025-09-29,SARIMAX,222.9072056666831,205.3236440788529,240.4907672545133
2025-09-30,RandomForest,197.2796999999996,,
2025-09-30,SARIMAX,228.50691699633373,210.8763311579361,246.13750283473132
2025-10-01,RandomForest,204.45367499999992,,
2025-10-01,SARIMAX,219.84043392848608,202.1337642748425,237.5471035821297
2025-10-02,RandomForest,208.99977500000023,,
2025-10-02,SARIMAX,209.9980972915611,192.21567827855392,227.78051630456827
2025-10-03,RandomForest,204.78674999999996,,
2025-10-03,SARIMAX,209.4664756049872,191.60863075255392,227.3243204574205
2025-10-04,SARIMAX,214.2985977996661,196.36565059087937,232.2315450084529
2025-10-04,RandomForest,201.21754999999985,,
2025-10-05,RandomForest,202.7510999999999,,
2025-10-05,SARIMAX,213.9241759490301,195.9164382526171,231.93191364544307
2025-10-06,SARIMAX,223.6166541684526,205.53443123059432,241.6988771063109
2025-10-06,RandomForest,200.1804249999997,,
2025-10-07,SARIMAX,229.1733889513632,210.9915202109935,247.35525769173287
2025-10-07,RandomForest,202.12764999999968,,
2025-10-08,SARIMAX,220.49790549495088,202.2399461295981,238.7558648603036
2025-10-08,RandomForest,208.77267500000045,,
2025-10-09,SARIMAX,210.58569453414185,192.25195142616485,228.9194376421188
2025-10-09,RandomForest,207.2156000000002,,
2025-10-10,SARIMAX,210.12950855963,191.72029194974783,228.53872516951213
2025-10-10,RandomForest,208.26272500000007,,
2025-10-11,SARIMAX,214.98417703384283,196.49980656719907,233.46854750048655
2025-10-11,RandomForest,201.98687499999951,,
2025-10-12,SARIMAX,214.5886515829032,196.02943047072603,233.1478726950804
2025-10-12,RandomForest,201.97334999999995,,
2025-10-13,SARIMAX,224.27527706744172,205.6415018966068,242.9090522382767
2025-10-13,RandomForest,199.54652499999963,,
2025-10-14,SARIMAX,229.8336153154888,211.10299686826377,248.56423376271383
2025-10-14,RandomForest,207.5217499999999,,
2025-10-15,SARIMAX,221.15846766570527,202.35190539250615,239.9650299389044
2025-10-15,RandomForest,208.029425,,
2025-10-16,SARIMAX,211.24886373246787,192.3666541472119,230.13107331772383
2025-10-16,RandomForest,210.3069749999998,,
2025-10-17,SARIMAX,210.7898632336745,191.83230273061875,229.74742373673027
2025-10-17,RandomForest,206.34810000000016,,
2025-10-18,RandomForest,203.58102499999973,,
2025-10-18,SARIMAX,215.64369050085855,196.6110938109232,234.67628719079397
2025-10-19,RandomForest,201.2919999999997,,
2025-10-19,SARIMAX,215.248952430244,196.1416133332514,234.3562915272366
2025-10-20,RandomForest,200.6541749999999,,
2025-10-20,SARIMAX,224.93579628170707,205.7540019541408,244.1175906092733
2025-10-21,RandomForest,207.18935,,
2025-10-21,SARIMAX,230.4940747040901,211.21579162453597,249.77235778364437
2025-10-22,SARIMAX,221.8189145252817,202.46478723720648,241.173041813357
2025-10-22,RandomForest,207.59744999999995,,
2025-10-23,SARIMAX,211.90921332322824,192.4795283242657,231.3388983221908
2025-10-23,RandomForest,207.86540000000005,,
2025-10-24,RandomForest,207.86924999999988,,
2025-10-24,SARIMAX,211.4503178350023,191.94535883037068,230.9552768396339
2025-10-25,SARIMAX,216.30417648781983,196.7242539366114,235.88409903902823
2025-10-25,RandomForest,201.19044999999963,,
2025-10-26,RandomForest,201.7856499999997,,
2025-10-26,SARIMAX,215.9094090398589,196.25480817354435,235.56400990617345
2025-10-27,SARIMAX,225.5962447440003,205.86724419777147,245.32524529022916
2025-10-27,RandomForest,201.29749999999984,,
2025-10-28,SARIMAX,231.1545253984931,211.3294221366636,250.9796286603226
2025-10-28,RandomForest,208.7683,,
2025-10-29,SARIMAX,222.4793656871456,202.5784826029054,242.38024877138577
2025-10-29,RandomForest,208.72420000000005,,
2025-10-30,RandomForest,213.0423249999996,,
2025-10-30,SARIMAX,212.56966811421464,192.5932825396166,232.54605368881272
2025-10-31,RandomForest,213.76997499999973,,
2025-10-31,SARIMAX,212.1107687080196,192.05915262169216,232.16238479434705
2025-11-01,RandomForest,205.5415999999996,,
2025-11-01,SARIMAX,216.96462618983173,196.8380862724818,237.0911661071817
2025-11-02,RandomForest,204.54277499999975,,
2025-11-02,SARIMAX,216.56985983794647,196.3686734898038,236.77104618608925
2025-11-03,RandomForest,204.48012499999976,,
2025-11-03,SARIMAX,226.25669584606644,205.98113386816016,246.53225782397269
2025-11-04,RandomForest,209.66950000000008,,
2025-11-04,SARIMAX,231.81497641727864,211.4436448104509,252.1863080241064
2025-11-05,SARIMAX,223.13981668849007,202.69273792184072,243.58689545513943
2025-11-05,RandomForest,208.7336500000001,,
2025-11-06,RandomForest,212.7962250000001,,
2025-11-06,SARIMAX,213.2301189801557,192.7075619490762,233.7526760112352
2025-11-07,SARIMAX,212.77121972014103,192.1734455327979,233.36899390748417
2025-11-07,RandomForest,210.67859999999996,,
2025-11-08,RandomForest,205.2970999999998,,
2025-11-08,SARIMAX,217.62507724564364,196.95238923049675,238.29776526079053
2025-11-09,SARIMAX,217.2303108528636,196.4829792119137,237.9776424938135
2025-11-09,RandomForest,201.5276749999998,,
2025-11-10,RandomForest,201.00397499999983,,
2025-11-10,SARIMAX,226.917146849642,206.0954351747812,247.73885852450283
2025-11-11,RandomForest,207.5793500000001,,
2025-11-11,SARIMAX,232.47542742396143,211.55823454470425,253.39262030321865
2025-11-12,RandomForest,210.45630000000037,,
2025-11-12,SARIMAX,223.8002676958236,202.8073318953828,244.79320349626445
2025-11-13,RandomForest,212.05905000000007,,
2025-11-13,SARIMAX,213.8905699925412,192.822152375365,234.95898760971733
2025-11-14,SARIMAX,213.4316707270725,192.2880222941496,234.57531915999544
2025-11-14,RandomForest,213.3740750000001,,
2025-11-15,SARIMAX,218.285528250945,197.06694934623283,239.50410715565715
2025-11-15,RandomForest,205.06714999999997,,
2025-11-16,SARIMAX,217.89076185969077,196.5975160465757,239.18400767280585
2025-11-16,RandomForest,201.52229999999972,,
2025-11-17,RandomForest,200.7117499999999,,
2025-11-17,SARIMAX,227.57759785689228,206.2099420714021,248.94525364238245
2025-11-18,SARIMAX,233.1358784310958,211.6729894305231,254.59876743166848
2025-11-18,RandomForest,207.0970749999999,,
2025-11-19,RandomForest,210.8756750000001,,
2025-11-19,SARIMAX,224.4607187029337,202.92206546708556,245.9993719387818
2025-11-20,SARIMAX,214.55102099946276,192.9368574158053,236.16518458312012
2025-11-20,RandomForest,211.9560249999999,,
2025-11-21,RandomForest,213.23485,,
2025-11-21,SARIMAX,214.09212173419752,192.40268938017863,235.7815540882164
2025-11-22,SARIMAX,218.94597925813085,197.18157581185267,240.71038270440903
2025-11-22,RandomForest,205.4502749999999,,
2025-11-23,RandomForest,201.5083749999997,,
2025-11-23,SARIMAX,218.55121286681967,196.71209575005844,240.3903299835809
2025-11-24,SARIMAX,228.23804886400544,206.32446884891544,250.15162887909543
2025-11-24,RandomForest,201.7173,,
2025-11-25,RandomForest,208.4779,,
2025-11-25,SARIMAX,233.7963294382133,211.78772758276432,255.8049312936622
2025-11-26,RandomForest,212.1825750000001,,
2025-11-26,SARIMAX,225.12116971005204,203.03675927067667,247.20558014942745
2025-11-27,RandomForest,214.21255000000005,,
2025-11-27,SARIMAX,215.2114720065881,193.0515001661604,237.3714438470159
2025-11-28,RandomForest,214.18612499999983,,
2025-11-28,SARIMAX,214.75257274131533,192.5172722685928,236.9878732140379
2025-11-29,RandomForest,204.97509999999963,,
2025-11-29,SARIMAX,219.6064302652464,197.2960964495569,241.91676408093588
2025-11-30,RandomForest,202.17762499999964,,
2025-11-30,SARIMAX,219.2116638739373,196.8265484386791,241.5967793091956
2025-12-01,SARIMAX,228.8984998711237,206.438847863874,251.3581518783734
2025-12-01,RandomForest,202.71637499999983,,
2025-12-02,SARIMAX,234.4567804453314,211.90228472094785,257.01127616971496
2025-12-02,RandomForest,210.16982500000003,,
2025-12-03,SARIMAX,225.7816207171701,203.15125124306772,248.4119901912725
2025-12-03,RandomForest,213.08235000000005,,
2025-12-04,SARIMAX,215.871923013706,193.1659207274156,238.5779252999964
2025-12-04,RandomForest,217.25257499999995,,
2025-12-05,RandomForest,215.65290000000007,,
2025-12-05,SARIMAX,215.41302374843343,192.63161316515124,238.19443433171568
2025-12-06,RandomForest,210.00917500000023,,
2025-12-06,SARIMAX,220.2668812723646,197.4103555343642,243.123407010365
2025-12-07,SARIMAX,219.87211488105547,196.94072041016875,242.80350935194215
2025-12-07,RandomForest,207.56214999999983,,
2025-12-08,RandomForest,208.346575,,
2025-12-08,SARIMAX,229.5589508782418,206.55292739122385,252.5649743652598
2025-12-09,RandomForest,210.8203000000001,,
2025-12-09,SARIMAX,235.1172314524495,212.0165120958933,258.2179508090057
2025-12-10,RandomForest,214.5011749999999,,
2025-12-10,SARIMAX,226.44207172428824,203.2653945952506,249.61874885332588
2025-12-11,RandomForest,216.23742499999992,,
2025-12-11,SARIMAX,216.53237402082408,193.2799742246464,239.7847738170018
2025-12-12,RandomForest,218.2260750000001,,
2025-12-12,SARIMAX,216.0734747555516,192.7455690568865,239.40138045421665
2025-12-13,RandomForest,212.1048250000001,,
2025-12-13,SARIMAX,220.9273322794827,197.52421188505105,244.33045267391435
2025-12-14,RandomForest,210.3969499999998,,
2025-12-14,SARIMAX,220.5325658881736,197.0544722747834,244.0106595015637
2025-12-15,RandomForest,209.71302499999987,,
2025-12-15,SARIMAX,230.2194018853599,206.66656979314808,253.7722339775717
2025-12-16,SARIMAX,235.7776824595676,212.1302747126317,259.4250902065035
2025-12-16,RandomForest,211.9845249999997,,
2025-12-17,SARIMAX,227.10252273140637,203.3790560712957,250.8259893915169
2025-12-17,RandomForest,215.4989249999998,,
2025-12-18,SARIMAX,217.1928250279422,193.39352910079117,240.99212095509327
2025-12-18,RandomForest,216.92524999999995,,
2025-12-19,SARIMAX,216.73392576266968,192.859010039924,240.60884148541533
2025-12-19,RandomForest,219.84005000000008,,
2025-12-20,SARIMAX,221.5877832866008,197.6375372249956,245.538029348206
2025-12-20,RandomForest,216.62125000000012,,
2025-12-21,SARIMAX,221.1930168952917,197.1676773480614,245.21835644252192
2025-12-21,RandomForest,213.0960749999999,,
